{"schemaVersion":"1.0","appDefinitionTemplate":{"id":"/providers/Microsoft.PowerApps/apps/","type":"Microsoft.PowerApps/apps","tags":{"primaryDeviceWidth":"1600","primaryDeviceHeight":"790","sienaVersion":"20260121T075059Z-3.26011.4.0","deviceCapabilities":"","supportsPortrait":"true","supportsLandscape":"true","primaryFormFactor":"Web","publisherVersion":"3.26011.4","minimumRequiredApiVersion":"2.2.0","hasComponent":"true","hasUnlockedComponent":"true","isUnifiedRootApp":"false","showStatusBar":"false"},"properties":{"appVersion":"2026-01-21T07:50:59Z","lifeCycleId":"Published","createdByClientVersion":{"major":3,"minor":26011,"build":4,"revision":0,"majorRevision":0,"minorRevision":0},"minClientVersion":{"major":3,"minor":26011,"build":4,"revision":0,"majorRevision":0,"minorRevision":0},"backgroundColor":"rgba(255, 255, 255, 1)","backgroundImageUri":"/14033764026299737319/Nb65beec4-ead6-4a3a-a6d5-0d9a4c49f42b-logoSmallFile","displayName":"FSI Customer 360","description":"","aiGeneratedDescription":"Streamline financial services operations by providing a unified platform to view customer profiles, monitor key performance indicators, manage banking products, and review customer interactions and opportunities. Enhance decision-making and customer engagement through centralized data and actionable insights.","commitMessage":"","appUris":{"documentUri":{"value":"/14033764026299737319/N6aed00da-9421-4739-893f-eaec2296ff24-document.msapp"},"imageUris":[],"additionalUris":[{"isSolutionAware":false,"value":"/14033764026299737319/Nb4a8d78d-e03a-4e2c-9520-190fe025ef6f-identity.json"}]},"createdTime":"0001-01-01T00:00:00Z","lastModifiedTime":"0001-01-01T00:00:00Z","sharedGroupsCount":0,"sharedUsersCount":0,"connectionReferences":{},"databaseReferences":{"default.cds":{"databaseDetails":{"referenceType":"Environmental","environmentName":"default.cds","overrideValues":{"status":"NotSpecified","environmentVariableName":""}},"dataSources":{"Contacts":{"entitySetName":"contacts","logicalName":"contact","isHidden":false},"Tasks":{"entitySetName":"tasks","logicalName":"task","isHidden":false},"Phone Calls":{"entitySetName":"phonecalls","logicalName":"phonecall","isHidden":false},"Conversations":{"entitySetName":"msdyn_ocliveworkitems","logicalName":"msdyn_ocliveworkitem","isHidden":false},"Transcripts":{"entitySetName":"msdyn_transcripts","logicalName":"msdyn_transcript","isHidden":false},"Notes":{"entitySetName":"annotations","logicalName":"annotation","isHidden":false},"Cases":{"entitySetName":"incidents","logicalName":"incident","isHidden":false},"Opportunities":{"entitySetName":"opportunities","logicalName":"opportunity","isHidden":false},"Credit Card Record":{"entitySetName":"cr197_creditcardrecords","logicalName":"cr197_creditcardrecord","isHidden":false},"ConversationInsights":{"entitySetName":"msdyn_conversationinsights","logicalName":"msdyn_conversationinsight","isHidden":false},"Email Messages":{"entitySetName":"emails","logicalName":"email","isHidden":false},"ConversationTranscripts":{"entitySetName":"conversationtranscripts","logicalName":"conversationtranscript","isHidden":false}},"actions":["providers/PowerPlatform.Governance/Operations/Read"]}},"almMode":"Environment","performanceOptimizationEnabled":true,"canConsumeAppPass":true,"enableModernRuntimeMode":false,"executionRestrictions":{"isTeamsOnly":false,"dataLossPreventionEvaluationResult":{"status":"Compliant","lastEvaluationDate":"2025-07-16T13:09:58.8365218Z","violations":[],"violationsByPolicy":[],"violationErrorMessage":"The app uses the following connectors: shared_commondataservice."}}},"isAppComponentLibrary":false,"appType":"ClassicCanvasApp","appComponents":[]}}